date,time,parameter1
24.06.2021,0:15,---
24.06.2021,0:30,---
24.06.2021,0:45,---
24.06.2021,1:00,---
24.06.2021,1:15,---
24.06.2021,1:30,---
24.06.2021,1:45,---
24.06.2021,2:00,---
24.06.2021,2:15,---
24.06.2021,2:30,---
24.06.2021,2:45,---
24.06.2021,3:00,---
24.06.2021,3:15,---
24.06.2021,3:30,---
24.06.2021,3:45,---
24.06.2021,4:00,---
24.06.2021,4:15,---
24.06.2021,4:30,---
24.06.2021,4:45,---
24.06.2021,5:00,---
24.06.2021,5:15,---
24.06.2021,5:30,---
24.06.2021,5:45,---
24.06.2021,6:00,---
24.06.2021,6:15,---
24.06.2021,6:30,---
24.06.2021,6:45,---
24.06.2021,7:00,---
24.06.2021,7:15,---
24.06.2021,7:30,---
24.06.2021,7:45,---
24.06.2021,8:00,---
24.06.2021,8:15,---
24.06.2021,8:30,---
24.06.2021,8:45,---
24.06.2021,9:00,---
24.06.2021,9:15,---
24.06.2021,9:30,---
24.06.2021,9:45,---
24.06.2021,10:00,---
24.06.2021,10:15,---
24.06.2021,10:30,---
24.06.2021,10:45,---
24.06.2021,11:00,0.01
24.06.2021,11:15,0.01
24.06.2021,11:30,0.01
24.06.2021,11:45,0.01
24.06.2021,12:00,0.01
24.06.2021,12:15,0.01
24.06.2021,12:30,0.01
24.06.2021,12:45,0.01
24.06.2021,13:00,0.01
24.06.2021,13:15,0.01
24.06.2021,13:30,0.01
24.06.2021,13:45,0.01
24.06.2021,14:00,0.01
24.06.2021,14:15,0.01
24.06.2021,14:30,0.01
24.06.2021,14:45,0.01
24.06.2021,15:00,0.01
24.06.2021,15:15,0.01
24.06.2021,15:30,0.01
24.06.2021,15:45,0.01
24.06.2021,16:00,0.01
24.06.2021,16:15,0.01
24.06.2021,16:30,0.01
24.06.2021,16:45,0.01
24.06.2021,17:00,0.01
24.06.2021,17:15,0.01
24.06.2021,17:30,0.01
24.06.2021,17:45,0.01
24.06.2021,18:00,0.01
24.06.2021,18:15,0.01
24.06.2021,18:30,0.01
24.06.2021,18:45,0.01
24.06.2021,19:00,0.01
24.06.2021,19:15,0.01
24.06.2021,19:30,0.01
24.06.2021,19:45,0.01
24.06.2021,20:00,0.01
24.06.2021,20:15,0.01
24.06.2021,20:30,0.01
24.06.2021,20:45,0.01
24.06.2021,21:00,0.01
24.06.2021,21:15,0.01
24.06.2021,21:30,0.01
24.06.2021,21:45,0.01
24.06.2021,22:00,0.01
24.06.2021,22:15,0.01
24.06.2021,22:30,0.01
24.06.2021,22:45,0.01
24.06.2021,23:00,0.01
24.06.2021,23:15,0.01
24.06.2021,23:30,0.01
24.06.2021,23:45,0.01
25.06.2021,0:00,0.01
25.06.2021,0:15,0.01
25.06.2021,0:30,0.01
25.06.2021,0:45,0.01
25.06.2021,1:00,0.01
25.06.2021,1:15,0.01
25.06.2021,1:30,0.01
25.06.2021,1:45,0.01
25.06.2021,2:00,0.01
25.06.2021,2:15,0.01
25.06.2021,2:30,0.01
25.06.2021,2:45,0.01
25.06.2021,3:00,0.01
25.06.2021,3:15,0.01
25.06.2021,3:30,0.01
25.06.2021,3:45,0.01
25.06.2021,4:00,0.01
25.06.2021,4:15,0.01
25.06.2021,4:30,0.01
25.06.2021,4:45,0.01
25.06.2021,5:00,0.01
25.06.2021,5:15,0.01
25.06.2021,5:30,0.01
25.06.2021,5:45,0.01
25.06.2021,6:00,0.01
25.06.2021,6:15,0.01
25.06.2021,6:30,0.01
25.06.2021,6:45,0.01
25.06.2021,7:00,0.01
25.06.2021,7:15,0.01
25.06.2021,7:30,0.01
25.06.2021,7:45,0.01
25.06.2021,8:00,0.01
25.06.2021,8:15,0.01
25.06.2021,8:30,0.01
25.06.2021,8:45,0.01
25.06.2021,9:00,0.01
25.06.2021,9:15,0.02
25.06.2021,9:30,0.01
25.06.2021,9:45,0.01
25.06.2021,10:00,0.01
25.06.2021,10:15,0.01
25.06.2021,10:30,0.01
25.06.2021,10:45,0.01
25.06.2021,11:00,0.01
25.06.2021,11:15,0.01
25.06.2021,11:30,0.01
25.06.2021,11:45,0.01
25.06.2021,12:00,0.01
25.06.2021,12:15,0.01
25.06.2021,12:30,0.01
25.06.2021,12:45,0.01
25.06.2021,13:00,0.01
25.06.2021,13:15,0.01
25.06.2021,13:30,0.01
25.06.2021,13:45,0.01
25.06.2021,14:00,0.01
25.06.2021,14:15,0.01
25.06.2021,14:30,0.01
25.06.2021,14:45,0.01
25.06.2021,15:00,0.01
25.06.2021,15:15,0.01
25.06.2021,15:30,0.01
25.06.2021,15:45,0.01
25.06.2021,16:00,0.01
25.06.2021,16:15,0.01
25.06.2021,16:30,0.01
25.06.2021,16:45,0.01
25.06.2021,17:00,0.01
25.06.2021,17:15,0.01
25.06.2021,17:30,0.01
25.06.2021,17:45,0.01
25.06.2021,18:00,0.01
25.06.2021,18:15,0.01
25.06.2021,18:30,0.01
25.06.2021,18:45,0.01
25.06.2021,19:00,0.01
25.06.2021,19:15,0.01
25.06.2021,19:30,0.01
25.06.2021,19:45,0.01
25.06.2021,20:00,0.01
25.06.2021,20:15,0.01
25.06.2021,20:30,0.01
25.06.2021,20:45,0.01
25.06.2021,21:00,0.01
25.06.2021,21:15,0.01
25.06.2021,21:30,0.01
25.06.2021,21:45,0.01
25.06.2021,22:00,0.01
25.06.2021,22:15,0.01
25.06.2021,22:30,0.01
25.06.2021,22:45,0.01
25.06.2021,23:00,0.01
25.06.2021,23:15,0.01
25.06.2021,23:30,0.01
25.06.2021,23:45,0.01
26.06.2021,0:00,0.01
26.06.2021,0:15,0.01
26.06.2021,0:30,0.01
26.06.2021,0:45,0.01
26.06.2021,1:00,0.01
26.06.2021,1:15,0.01
26.06.2021,1:30,0.01
26.06.2021,1:45,0.01
26.06.2021,2:00,0.01
26.06.2021,2:15,0.01
26.06.2021,2:30,0.01
26.06.2021,2:45,0.01
26.06.2021,3:00,0.01
26.06.2021,3:15,0.01
26.06.2021,3:30,0.01
26.06.2021,3:45,0.01
26.06.2021,4:00,0.01
26.06.2021,4:15,0.01
26.06.2021,4:30,0.01
26.06.2021,4:45,0.01
26.06.2021,5:00,0.01
26.06.2021,5:15,0.01
26.06.2021,5:30,0.01
26.06.2021,5:45,0.01
26.06.2021,6:00,0.01
26.06.2021,6:15,0.01
26.06.2021,6:30,0.01
26.06.2021,6:45,0.01
26.06.2021,7:00,0.01
26.06.2021,7:15,0.01
26.06.2021,7:30,0.01
26.06.2021,7:45,0.01
26.06.2021,8:00,0.01
26.06.2021,8:15,0.01
26.06.2021,8:30,0.01
26.06.2021,8:45,0.01
26.06.2021,9:00,0.01
26.06.2021,9:15,0.01
26.06.2021,9:30,0.01
26.06.2021,9:45,0.01
26.06.2021,10:00,0.01
26.06.2021,10:15,0.01
26.06.2021,10:30,0.01
26.06.2021,10:45,0.01
26.06.2021,11:00,0.01
26.06.2021,11:15,0.01
26.06.2021,11:30,0.01
26.06.2021,11:45,0.01
26.06.2021,12:00,0.01
26.06.2021,12:15,0.01
26.06.2021,12:30,0.01
26.06.2021,12:45,0.01
26.06.2021,13:00,0.01
26.06.2021,13:15,0.01
26.06.2021,13:30,0.01
26.06.2021,13:45,0.01
26.06.2021,14:00,0.01
26.06.2021,14:15,0.01
26.06.2021,14:30,0.01
26.06.2021,14:45,0.01
26.06.2021,15:00,0.01
26.06.2021,15:15,0.01
26.06.2021,15:30,0.01
26.06.2021,15:45,0.01
26.06.2021,16:00,0.01
26.06.2021,16:15,0.01
26.06.2021,16:30,0.01
26.06.2021,16:45,0.01
26.06.2021,17:00,0.01
26.06.2021,17:15,0.01
26.06.2021,17:30,0.01
26.06.2021,17:45,0.01
26.06.2021,18:00,0.01
26.06.2021,18:15,0.01
26.06.2021,18:30,0.01
26.06.2021,18:45,0.01
26.06.2021,19:00,0.01
26.06.2021,19:15,0.01
26.06.2021,19:30,0.01
26.06.2021,19:45,0.01
26.06.2021,20:00,0.01
26.06.2021,20:15,0.01
26.06.2021,20:30,0.01
26.06.2021,20:45,0.01
26.06.2021,21:00,0.01
26.06.2021,21:15,0.01
26.06.2021,21:30,0.01
26.06.2021,21:45,0.01
26.06.2021,22:00,0.01
26.06.2021,22:15,0.01
26.06.2021,22:30,0.01
26.06.2021,22:45,0.01
26.06.2021,23:00,0.01
26.06.2021,23:15,0.01
26.06.2021,23:30,0.01
26.06.2021,23:45,0.01
27.06.2021,0:00,0.01
27.06.2021,0:15,0.01
27.06.2021,0:30,0.01
27.06.2021,0:45,0.01
27.06.2021,1:00,0.01
27.06.2021,1:15,0.01
27.06.2021,1:30,0.01
27.06.2021,1:45,0.01
27.06.2021,2:00,0.01
27.06.2021,2:15,0.01
27.06.2021,2:30,0.01
27.06.2021,2:45,0.01
27.06.2021,3:00,0.01
27.06.2021,3:15,0.01
27.06.2021,3:30,0.01
27.06.2021,3:45,0.01
27.06.2021,4:00,0.01
27.06.2021,4:15,0.01
27.06.2021,4:30,0.01
27.06.2021,4:45,0.01
27.06.2021,5:00,0.01
27.06.2021,5:15,0.01
27.06.2021,5:30,0.01
27.06.2021,5:45,0.01
27.06.2021,6:00,0.01
27.06.2021,6:15,0.01
27.06.2021,6:30,0.01
27.06.2021,6:45,0.01
27.06.2021,7:00,0.01
27.06.2021,7:15,0.01
27.06.2021,7:30,0.01
27.06.2021,7:45,0.01
27.06.2021,8:00,0.01
27.06.2021,8:15,0.01
27.06.2021,8:30,0.01
27.06.2021,8:45,0.01
27.06.2021,9:00,0.01
27.06.2021,9:15,0.01
27.06.2021,9:30,0.01
27.06.2021,9:45,0.01
27.06.2021,10:00,0.01
27.06.2021,10:15,0.01
27.06.2021,10:30,0.01
27.06.2021,10:45,0.01
27.06.2021,11:00,0.01
27.06.2021,11:15,0.01
27.06.2021,11:30,0.01
27.06.2021,11:45,0.01
27.06.2021,12:00,0.01
27.06.2021,12:15,0.01
27.06.2021,12:30,0.01
27.06.2021,12:45,0.01
27.06.2021,13:00,0.01
27.06.2021,13:15,0.01
27.06.2021,13:30,0.01
27.06.2021,13:45,0.01
27.06.2021,14:00,0.01
27.06.2021,14:15,0.01
27.06.2021,14:30,0.01
27.06.2021,14:45,0.01
27.06.2021,15:00,0.01
27.06.2021,15:15,0.01
27.06.2021,15:30,0.01
27.06.2021,15:45,0.01
27.06.2021,16:00,0.01
27.06.2021,16:15,0.01
27.06.2021,16:30,0.01
27.06.2021,16:45,0.01
27.06.2021,17:00,0.01
27.06.2021,17:15,0.01
27.06.2021,17:30,0.01
27.06.2021,17:45,0.01
27.06.2021,18:00,0.01
27.06.2021,18:15,0.01
27.06.2021,18:30,0.01
27.06.2021,18:45,0.01
27.06.2021,19:00,0.01
27.06.2021,19:15,0.01
27.06.2021,19:30,0.01
27.06.2021,19:45,0.01
27.06.2021,20:00,0.01
27.06.2021,20:15,0.01
27.06.2021,20:30,0.01
27.06.2021,20:45,0.01
27.06.2021,21:00,0.01
27.06.2021,21:15,0.01
27.06.2021,21:30,0.01
27.06.2021,21:45,0.01
27.06.2021,22:00,0.01
27.06.2021,22:15,0.01
27.06.2021,22:30,0.01
27.06.2021,22:45,0.01
27.06.2021,23:00,0.01
27.06.2021,23:15,0.01
27.06.2021,23:30,0.01
27.06.2021,23:45,0.01
28.06.2021,0:00,0.01
28.06.2021,0:15,0.01
28.06.2021,0:30,0.01
28.06.2021,0:45,0.01
28.06.2021,1:00,0.01
28.06.2021,1:15,0.01
28.06.2021,1:30,0.01
28.06.2021,1:45,0.01
28.06.2021,2:00,0.01
28.06.2021,2:15,0.01
28.06.2021,2:30,0.01
28.06.2021,2:45,0.01
28.06.2021,3:00,0.01
28.06.2021,3:15,0.01
28.06.2021,3:30,0.01
28.06.2021,3:45,0.01
28.06.2021,4:00,0.01
28.06.2021,4:15,0.01
28.06.2021,4:30,0.01
28.06.2021,4:45,0.01
28.06.2021,5:00,0.01
28.06.2021,5:15,0.01
28.06.2021,5:30,0.01
28.06.2021,5:45,0.01
28.06.2021,6:00,0.01
28.06.2021,6:15,0.01
28.06.2021,6:30,0.01
28.06.2021,6:45,0.01
28.06.2021,7:00,0.01
28.06.2021,7:15,0.01
28.06.2021,7:30,0.01
28.06.2021,7:45,0.01
28.06.2021,8:00,0.01
28.06.2021,8:15,0.01
28.06.2021,8:30,0.01
28.06.2021,8:45,0.01
28.06.2021,9:00,0.01
28.06.2021,9:15,0.01
28.06.2021,9:30,0.01
28.06.2021,9:45,0.01
28.06.2021,10:00,0.01
28.06.2021,10:15,0.01
28.06.2021,10:30,0.01
28.06.2021,10:45,0.01
28.06.2021,11:00,0.01
28.06.2021,11:15,0.01
28.06.2021,11:30,0.01
28.06.2021,11:45,0.01
28.06.2021,12:00,0.01
28.06.2021,12:15,0.01
28.06.2021,12:30,0.01
28.06.2021,12:45,0.01
28.06.2021,13:00,0.01
28.06.2021,13:15,0.01
28.06.2021,13:30,0.01
28.06.2021,13:45,0.01
28.06.2021,14:00,0.01
28.06.2021,14:15,0.01
28.06.2021,14:30,0.01
28.06.2021,14:45,0.01
28.06.2021,15:00,0.01
28.06.2021,15:15,0.01
28.06.2021,15:30,0.01
28.06.2021,15:45,0.01
28.06.2021,16:00,0.01
28.06.2021,16:15,0.01
28.06.2021,16:30,0.01
28.06.2021,16:45,0.01
28.06.2021,17:00,0.01
28.06.2021,17:15,0.01
28.06.2021,17:30,0.01
28.06.2021,17:45,0.01
28.06.2021,18:00,0.01
28.06.2021,18:15,0.01
28.06.2021,18:30,0.01
28.06.2021,18:45,0.01
28.06.2021,19:00,0.01
28.06.2021,19:15,0.01
28.06.2021,19:30,0.01
28.06.2021,19:45,0.01
28.06.2021,20:00,0.01
28.06.2021,20:15,0.01
28.06.2021,20:30,0.01
28.06.2021,20:45,0.01
28.06.2021,21:00,0.01
28.06.2021,21:15,0.01
28.06.2021,21:30,0.01
28.06.2021,21:45,0.01
28.06.2021,22:00,0.01
28.06.2021,22:15,0.01
28.06.2021,22:30,0.01
28.06.2021,22:45,0.01
28.06.2021,23:00,0.01
28.06.2021,23:15,0.01
28.06.2021,23:30,0.01
28.06.2021,23:45,0.01
29.06.2021,0:00,0.01
29.06.2021,0:15,0.01
29.06.2021,0:30,0.01
29.06.2021,0:45,0.01
29.06.2021,1:00,0.01
29.06.2021,1:15,0.01
29.06.2021,1:30,0.01
29.06.2021,1:45,0.01
29.06.2021,2:00,0.01
29.06.2021,2:15,0.01
29.06.2021,2:30,0.01
29.06.2021,2:45,0.01
29.06.2021,3:00,0.01
29.06.2021,3:15,0.01
29.06.2021,3:30,0.01
29.06.2021,3:45,0.01
29.06.2021,4:00,0.01
29.06.2021,4:15,0.01
29.06.2021,4:30,0.01
29.06.2021,4:45,0.01
29.06.2021,5:00,0.01
29.06.2021,5:15,0.01
29.06.2021,5:30,0.01
29.06.2021,5:45,0.01
29.06.2021,6:00,0.01
29.06.2021,6:15,0.01
29.06.2021,6:30,0.01
29.06.2021,6:45,0.01
29.06.2021,7:00,0.01
29.06.2021,7:15,0.01
29.06.2021,7:30,0.01
29.06.2021,7:45,0.01
29.06.2021,8:00,0.01
29.06.2021,8:15,0.01
29.06.2021,8:30,0.01
29.06.2021,8:45,0.01
29.06.2021,9:00,0.01
29.06.2021,9:15,0.01
29.06.2021,9:30,0.01
29.06.2021,9:45,0.01
29.06.2021,10:00,0.01
29.06.2021,10:15,0.01
29.06.2021,10:30,0.01
29.06.2021,10:45,0.01
29.06.2021,11:00,0.01
29.06.2021,11:15,0.01
29.06.2021,11:30,0.01
29.06.2021,11:45,0.01
29.06.2021,12:00,0.01
29.06.2021,12:15,0.01
29.06.2021,12:30,0.01
29.06.2021,12:45,0.01
29.06.2021,13:00,0.01
29.06.2021,13:15,0.01
29.06.2021,13:30,0.01
29.06.2021,13:45,0.01
29.06.2021,14:00,0.01
29.06.2021,14:15,0.01
29.06.2021,14:30,0.01
29.06.2021,14:45,0.01
29.06.2021,15:00,0.01
29.06.2021,15:15,0.01
29.06.2021,15:30,0.01
29.06.2021,15:45,0.01
29.06.2021,16:00,0.01
29.06.2021,16:15,0.01
29.06.2021,16:30,0.01
29.06.2021,16:45,0.01
29.06.2021,17:00,0.01
29.06.2021,17:15,0.01
29.06.2021,17:30,0.01
29.06.2021,17:45,0.01
29.06.2021,18:00,0.01
29.06.2021,18:15,0.01
29.06.2021,18:30,0.01
29.06.2021,18:45,0.01
29.06.2021,19:00,0.01
29.06.2021,19:15,0.01
29.06.2021,19:30,0.01
29.06.2021,19:45,0.01
29.06.2021,20:00,0.01
29.06.2021,20:15,0.01
29.06.2021,20:30,0.01
29.06.2021,20:45,0.01
29.06.2021,21:00,0.01
29.06.2021,21:15,0.01
29.06.2021,21:30,0.01
29.06.2021,21:45,0.01
29.06.2021,22:00,0.01
29.06.2021,22:15,0.01
29.06.2021,22:30,0.01
29.06.2021,22:45,0.01
29.06.2021,23:00,0.01
29.06.2021,23:15,0.01
29.06.2021,23:30,0.01
29.06.2021,23:45,0.01
30.06.2021,0:00,0.01
30.06.2021,0:15,0.01
30.06.2021,0:30,0.01
30.06.2021,0:45,0.01
30.06.2021,1:00,0.01
30.06.2021,1:15,0.01
30.06.2021,1:30,0.01
30.06.2021,1:45,0.01
30.06.2021,2:00,0.01
30.06.2021,2:15,0.01
30.06.2021,2:30,0.01
30.06.2021,2:45,0.01
30.06.2021,3:00,0.01
30.06.2021,3:15,0.01
30.06.2021,3:30,0.01
30.06.2021,3:45,0.01
30.06.2021,4:00,0.01
30.06.2021,4:15,0.01
30.06.2021,4:30,0.01
30.06.2021,4:45,0.01
30.06.2021,5:00,0.01
30.06.2021,5:15,0.01
30.06.2021,5:30,0.01
30.06.2021,5:45,0.01
30.06.2021,6:00,0.01
30.06.2021,6:15,0.01
30.06.2021,6:30,0.01
30.06.2021,6:45,0.01
30.06.2021,7:00,0.01
30.06.2021,7:15,0.01
30.06.2021,7:30,0.01
30.06.2021,7:45,0.01
30.06.2021,8:00,0.01
30.06.2021,8:15,0.01
30.06.2021,8:30,0.01
30.06.2021,8:45,0.01
30.06.2021,9:00,0.01
30.06.2021,9:15,0.01
30.06.2021,9:30,0.01
30.06.2021,9:45,0.01
30.06.2021,10:00,0.01
30.06.2021,10:15,0.01
30.06.2021,10:30,0.01
30.06.2021,10:45,0.01
30.06.2021,11:00,0.01
30.06.2021,11:15,0.01
30.06.2021,11:30,0.01
30.06.2021,11:45,0.01
30.06.2021,12:00,0.01
30.06.2021,12:15,0.01
30.06.2021,12:30,0.01
30.06.2021,12:45,0.01
30.06.2021,13:00,0.01
30.06.2021,13:15,0.01
30.06.2021,13:30,0.01
30.06.2021,13:45,0.01
30.06.2021,14:00,0.01
30.06.2021,14:15,0.01
30.06.2021,14:30,0.01
30.06.2021,14:45,0.01
30.06.2021,15:00,0.01
30.06.2021,15:15,0.01
30.06.2021,15:30,0.01
30.06.2021,15:45,0.01
30.06.2021,16:00,0.01
30.06.2021,16:15,0.01
30.06.2021,16:30,0.01
30.06.2021,16:45,0.01
30.06.2021,17:00,0.01
30.06.2021,17:15,0.01
30.06.2021,17:30,0.01
30.06.2021,17:45,0.01
30.06.2021,18:00,0.01
30.06.2021,18:15,0.01
30.06.2021,18:30,0.01
30.06.2021,18:45,0.01
30.06.2021,19:00,0.01
30.06.2021,19:15,0.01
30.06.2021,19:30,0.01
30.06.2021,19:45,0.01
30.06.2021,20:00,0.01
30.06.2021,20:15,0.01
30.06.2021,20:30,0.01
30.06.2021,20:45,0.01
30.06.2021,21:00,0.01
30.06.2021,21:15,0.01
30.06.2021,21:30,0.01
30.06.2021,21:45,0.01
30.06.2021,22:00,0.01
30.06.2021,22:15,0.01
30.06.2021,22:30,0.01
30.06.2021,22:45,0.01
30.06.2021,23:00,0.01
30.06.2021,23:15,0.01
30.06.2021,23:30,0.01
30.06.2021,23:45,0.01
01.07.2021,0:00,0.01
01.07.2021,0:15,0.01
01.07.2021,0:30,0.01
01.07.2021,0:45,0.01
01.07.2021,1:00,0.01
01.07.2021,1:15,0.01
01.07.2021,1:30,0.01
01.07.2021,1:45,0.01
01.07.2021,2:00,0.01
01.07.2021,2:15,0.01
01.07.2021,2:30,0.01
01.07.2021,2:45,0.01
01.07.2021,3:00,0.01
01.07.2021,3:15,0.01
01.07.2021,3:30,0.01
01.07.2021,3:45,0.01
01.07.2021,4:00,0.01
01.07.2021,4:15,0.01
01.07.2021,4:30,0.01
01.07.2021,4:45,0.01
01.07.2021,5:00,0.01
01.07.2021,5:15,0.01
01.07.2021,5:30,0.01
01.07.2021,5:45,0.01
01.07.2021,6:00,0.01
01.07.2021,6:15,0.01
01.07.2021,6:30,0.01
01.07.2021,6:45,0.01
01.07.2021,7:00,0.01
01.07.2021,7:15,0.01
01.07.2021,7:30,0.01
01.07.2021,7:45,0.01
01.07.2021,8:00,0.01
01.07.2021,8:15,0.01
01.07.2021,8:30,0.01
01.07.2021,8:45,0.01
01.07.2021,9:00,0.01
01.07.2021,9:15,0.01
01.07.2021,9:30,0.01
01.07.2021,9:45,0.01
01.07.2021,10:00,0.01
01.07.2021,10:15,0.01
01.07.2021,10:30,0.01
01.07.2021,10:45,0.01
01.07.2021,11:00,0.01
01.07.2021,11:15,0.01
01.07.2021,11:30,0.01
01.07.2021,11:45,0.01
01.07.2021,12:00,0.01
01.07.2021,12:15,0.01
01.07.2021,12:30,0.01
01.07.2021,12:45,0.01
01.07.2021,13:00,0.01
01.07.2021,13:15,0.01
01.07.2021,13:30,0.01
01.07.2021,13:45,0.01
01.07.2021,14:00,0.01
01.07.2021,14:15,0.01
01.07.2021,14:30,0.01
01.07.2021,14:45,0.01
01.07.2021,15:00,0.01
01.07.2021,15:15,0.01
01.07.2021,15:30,0.01
01.07.2021,15:45,0.01
01.07.2021,16:00,0.01
01.07.2021,16:15,0.01
01.07.2021,16:30,0.01
01.07.2021,16:45,0.01
01.07.2021,17:00,0.01
01.07.2021,17:15,0.01
01.07.2021,17:30,0.01
01.07.2021,17:45,0.01
01.07.2021,18:00,0.01
01.07.2021,18:15,0.01
01.07.2021,18:30,0.01
01.07.2021,18:45,0.01
01.07.2021,19:00,0.01
01.07.2021,19:15,0.01
01.07.2021,19:30,0.01
01.07.2021,19:45,0.01
01.07.2021,20:00,0.01
01.07.2021,20:15,0.01
01.07.2021,20:30,0.01
01.07.2021,20:45,0.01
01.07.2021,21:00,0.01
01.07.2021,21:15,0.01
01.07.2021,21:30,0.01
01.07.2021,21:45,0.01
01.07.2021,22:00,0.01
01.07.2021,22:15,0.01
01.07.2021,22:30,0.01
01.07.2021,22:45,0.01
01.07.2021,23:00,0.01
01.07.2021,23:15,0.01
01.07.2021,23:30,0.01
01.07.2021,23:45,0.01
02.07.2021,0:00,0.01
02.07.2021,0:15,0.01
02.07.2021,0:30,0.01
02.07.2021,0:45,0.01
02.07.2021,1:00,0.01
02.07.2021,1:15,0.01
02.07.2021,1:30,0.01
02.07.2021,1:45,0.01
02.07.2021,2:00,0.01
02.07.2021,2:15,0.01
02.07.2021,2:30,0.01
02.07.2021,2:45,0.01
02.07.2021,3:00,0.01
02.07.2021,3:15,0.01
02.07.2021,3:30,0.01
02.07.2021,3:45,0.01
02.07.2021,4:00,0.01
02.07.2021,4:15,0.01
02.07.2021,4:30,0.01
02.07.2021,4:45,0.01
02.07.2021,5:00,0.01
02.07.2021,5:15,0.01
02.07.2021,5:30,0.01
02.07.2021,5:45,0.01
02.07.2021,6:00,0.01
02.07.2021,6:15,0.01
02.07.2021,6:30,0.01
02.07.2021,6:45,0.01
02.07.2021,7:00,0.01
02.07.2021,7:15,0.01
02.07.2021,7:30,0.01
02.07.2021,7:45,0.01
02.07.2021,8:00,0.01
02.07.2021,8:15,0.01
02.07.2021,8:30,0.01
02.07.2021,8:45,0.01
02.07.2021,9:00,0.01
02.07.2021,9:15,0.01
02.07.2021,9:30,0.01
02.07.2021,9:45,0.01
02.07.2021,10:00,0.01
02.07.2021,10:15,0.01
02.07.2021,10:30,0.01
02.07.2021,10:45,0.01
02.07.2021,11:00,0.01
02.07.2021,11:15,0.01
02.07.2021,11:30,0.01
02.07.2021,11:45,0.01
02.07.2021,12:00,0.01
02.07.2021,12:15,0.01
02.07.2021,12:30,0.01
02.07.2021,12:45,0.01
02.07.2021,13:00,0.01
02.07.2021,13:15,0.01
02.07.2021,13:30,0.01
02.07.2021,13:45,0.01
02.07.2021,14:00,0.01
02.07.2021,14:15,0.01
02.07.2021,14:30,0.01
02.07.2021,14:45,0.01
02.07.2021,15:00,0.01
02.07.2021,15:15,0.01
02.07.2021,15:30,0.01
02.07.2021,15:45,0.01
02.07.2021,16:00,0.01
02.07.2021,16:15,0.01
02.07.2021,16:30,0.01
02.07.2021,16:45,0.01
02.07.2021,17:00,0.01
02.07.2021,17:15,0.01
02.07.2021,17:30,0.01
02.07.2021,17:45,0.01
02.07.2021,18:00,0.01
02.07.2021,18:15,0.01
02.07.2021,18:30,0.01
02.07.2021,18:45,0.01
02.07.2021,19:00,0.01
02.07.2021,19:15,0.01
02.07.2021,19:30,0.01
02.07.2021,19:45,0.01
02.07.2021,20:00,0.01
02.07.2021,20:15,0.01
02.07.2021,20:30,0.01
02.07.2021,20:45,0.01
02.07.2021,21:00,0.01
02.07.2021,21:15,0.01
02.07.2021,21:30,0.01
02.07.2021,21:45,0.01
02.07.2021,22:00,0.01
02.07.2021,22:15,0.01
02.07.2021,22:30,0.01
02.07.2021,22:45,0.01
02.07.2021,23:00,0.01
02.07.2021,23:15,0.01
02.07.2021,23:30,0.01
02.07.2021,23:45,0.01
03.07.2021,0:00,0.01
03.07.2021,0:15,0.01
03.07.2021,0:30,0.01
03.07.2021,0:45,0.01
03.07.2021,1:00,0.01
03.07.2021,1:15,0.01
03.07.2021,1:30,0.01
03.07.2021,1:45,0.01
03.07.2021,2:00,0.01
03.07.2021,2:15,0.01
03.07.2021,2:30,0.01
03.07.2021,2:45,0.01
03.07.2021,3:00,0.01
03.07.2021,3:15,0.01
03.07.2021,3:30,0.01
03.07.2021,3:45,0.01
03.07.2021,4:00,0.01
03.07.2021,4:15,0.01
03.07.2021,4:30,0.01
03.07.2021,4:45,0.01
03.07.2021,5:00,0.01
03.07.2021,5:15,0.01
03.07.2021,5:30,0.01
03.07.2021,5:45,0.01
03.07.2021,6:00,0.01
03.07.2021,6:15,0.01
03.07.2021,6:30,0.01
03.07.2021,6:45,0.01
03.07.2021,7:00,0.01
03.07.2021,7:15,0.01
03.07.2021,7:30,0.01
03.07.2021,7:45,0.01
03.07.2021,8:00,0.01
03.07.2021,8:15,0.01
03.07.2021,8:30,0.01
03.07.2021,8:45,0.01
03.07.2021,9:00,0.01
03.07.2021,9:15,0.01
03.07.2021,9:30,0.01
03.07.2021,9:45,0.01
03.07.2021,10:00,0.01
03.07.2021,10:15,0.01
03.07.2021,10:30,0.01
03.07.2021,10:45,0.01
03.07.2021,11:00,0.01
03.07.2021,11:15,0.01
03.07.2021,11:30,0.01
03.07.2021,11:45,0.01
03.07.2021,12:00,0.01
03.07.2021,12:15,0.01
03.07.2021,12:30,0.01
03.07.2021,12:45,0.01
03.07.2021,13:00,0.01
03.07.2021,13:15,0.01
03.07.2021,13:30,0.01
03.07.2021,13:45,0.01
03.07.2021,14:00,0.01
03.07.2021,14:15,0.01
03.07.2021,14:30,0.01
03.07.2021,14:45,0.01
03.07.2021,15:00,0.01
03.07.2021,15:15,0.01
03.07.2021,15:30,0.01
03.07.2021,15:45,0.01
03.07.2021,16:00,0.01
03.07.2021,16:15,0.01
03.07.2021,16:30,0.01
03.07.2021,16:45,0.01
03.07.2021,17:00,0.01
03.07.2021,17:15,0.01
03.07.2021,17:30,0.01
03.07.2021,17:45,0.01
03.07.2021,18:00,0.01
03.07.2021,18:15,0.01
03.07.2021,18:30,0.01
03.07.2021,18:45,0.01
03.07.2021,19:00,0.01
03.07.2021,19:15,0.01
03.07.2021,19:30,0.01
03.07.2021,19:45,0.01
03.07.2021,20:00,0.01
03.07.2021,20:15,0.01
03.07.2021,20:30,0.01
03.07.2021,20:45,0.01
03.07.2021,21:00,0.01
03.07.2021,21:15,0.01
03.07.2021,21:30,0.01
03.07.2021,21:45,0.01
03.07.2021,22:00,0.01
03.07.2021,22:15,0.01
03.07.2021,22:30,0.01
03.07.2021,22:45,0.01
03.07.2021,23:00,0.01
03.07.2021,23:15,0.01
03.07.2021,23:30,0.01
03.07.2021,23:45,0.01
04.07.2021,0:00,0.01
04.07.2021,0:15,0.01
04.07.2021,0:30,0.01
04.07.2021,0:45,0.01
04.07.2021,1:00,0.01
04.07.2021,1:15,0.01
04.07.2021,1:30,0.01
04.07.2021,1:45,0.01
04.07.2021,2:00,0.01
04.07.2021,2:15,0.01
04.07.2021,2:30,0.01
04.07.2021,2:45,0.01
04.07.2021,3:00,0.01
04.07.2021,3:15,0.01
04.07.2021,3:30,0.01
04.07.2021,3:45,0.01
04.07.2021,4:00,0.01
04.07.2021,4:15,0.01
04.07.2021,4:30,0.01
04.07.2021,4:45,0.01
04.07.2021,5:00,0.01
04.07.2021,5:15,0.01
04.07.2021,5:30,0.01
04.07.2021,5:45,0.01
04.07.2021,6:00,0.01
04.07.2021,6:15,0.01
04.07.2021,6:30,0.01
04.07.2021,6:45,0.01
04.07.2021,7:00,0.01
04.07.2021,7:15,0.01
04.07.2021,7:30,0.01
04.07.2021,7:45,0.01
04.07.2021,8:00,0.01
04.07.2021,8:15,0.01
04.07.2021,8:30,0.01
04.07.2021,8:45,0.01
04.07.2021,9:00,0.01
04.07.2021,9:15,0.01
04.07.2021,9:30,0.01
04.07.2021,9:45,0.01
04.07.2021,10:00,0.01
04.07.2021,10:15,0.01
04.07.2021,10:30,0.01
04.07.2021,10:45,0.01
04.07.2021,11:00,0.01
04.07.2021,11:15,0.01
04.07.2021,11:30,0.01
04.07.2021,11:45,0.01
04.07.2021,12:00,0.01
04.07.2021,12:15,0.01
04.07.2021,12:30,0.01
04.07.2021,12:45,0.01
04.07.2021,13:00,0.01
04.07.2021,13:15,0.01
04.07.2021,13:30,0.01
04.07.2021,13:45,0.01
04.07.2021,14:00,0.01
04.07.2021,14:15,0.01
04.07.2021,14:30,0.01
04.07.2021,14:45,0.01
04.07.2021,15:00,0.01
04.07.2021,15:15,0.01
04.07.2021,15:30,0.01
04.07.2021,15:45,0.01
04.07.2021,16:00,0.01
04.07.2021,16:15,0.01
04.07.2021,16:30,0.01
04.07.2021,16:45,0.01
04.07.2021,17:00,0.01
04.07.2021,17:15,0.01
04.07.2021,17:30,0.01
04.07.2021,17:45,0.01
04.07.2021,18:00,0.01
04.07.2021,18:15,0.01
04.07.2021,18:30,0.01
04.07.2021,18:45,0.01
04.07.2021,19:00,0.01
04.07.2021,19:15,0.01
04.07.2021,19:30,0.01
04.07.2021,19:45,0.01
04.07.2021,20:00,0.01
04.07.2021,20:15,0.01
04.07.2021,20:30,0.01
04.07.2021,20:45,0.01
04.07.2021,21:00,0.01
04.07.2021,21:15,0.01
04.07.2021,21:30,0.01
04.07.2021,21:45,0.01
04.07.2021,22:00,0.01
04.07.2021,22:15,0.01
04.07.2021,22:30,0.01
04.07.2021,22:45,0.01
04.07.2021,23:00,0.01
04.07.2021,23:15,0.01
04.07.2021,23:30,0.01
04.07.2021,23:45,0.01
05.07.2021,0:00,0.01
05.07.2021,0:15,0.01
05.07.2021,0:30,0.01
05.07.2021,0:45,0.01
05.07.2021,1:00,0.01
05.07.2021,1:15,0.01
05.07.2021,1:30,0.01
05.07.2021,1:45,0.01
05.07.2021,2:00,0.01
05.07.2021,2:15,0.01
05.07.2021,2:30,0.01
05.07.2021,2:45,0.01
05.07.2021,3:00,0.01
05.07.2021,3:15,0.01
05.07.2021,3:30,0.01
05.07.2021,3:45,0.01
05.07.2021,4:00,0.01
05.07.2021,4:15,0.01
05.07.2021,4:30,0.01
05.07.2021,4:45,0.01
05.07.2021,5:00,0.01
05.07.2021,5:15,0.01
05.07.2021,5:30,0.01
05.07.2021,5:45,0.01
05.07.2021,6:00,0.01
05.07.2021,6:15,0.01
05.07.2021,6:30,0.01
05.07.2021,6:45,0.01
05.07.2021,7:00,0.01
05.07.2021,7:15,0.01
05.07.2021,7:30,0.01
05.07.2021,7:45,0.01
05.07.2021,8:00,0.01
05.07.2021,8:15,0.01
05.07.2021,8:30,0.01
05.07.2021,8:45,0.01
05.07.2021,9:00,0.01
05.07.2021,9:15,0.01
05.07.2021,9:30,0.01
05.07.2021,9:45,0.01
05.07.2021,10:00,0.01
05.07.2021,10:15,0.01
05.07.2021,10:30,0.01
05.07.2021,10:45,0.01
05.07.2021,11:00,0.01
05.07.2021,11:15,0.01
05.07.2021,11:30,0.01
05.07.2021,11:45,0.01
05.07.2021,12:00,0.01
05.07.2021,12:15,0.01
05.07.2021,12:30,0.01
05.07.2021,12:45,0.01
05.07.2021,13:00,0.01
05.07.2021,13:15,0.01
05.07.2021,13:30,0.01
05.07.2021,13:45,0.01
05.07.2021,14:00,0.01
05.07.2021,14:15,0.01
05.07.2021,14:30,0.01
05.07.2021,14:45,0.01
05.07.2021,15:00,0.01
05.07.2021,15:15,0.01
05.07.2021,15:30,0.01
05.07.2021,15:45,0.01
05.07.2021,16:00,0.01
05.07.2021,16:15,0.01
05.07.2021,16:30,0.01
05.07.2021,16:45,0.01
05.07.2021,17:00,0.01
05.07.2021,17:15,0.01
05.07.2021,17:30,0.01
05.07.2021,17:45,0.01
05.07.2021,18:00,0.01
05.07.2021,18:15,0.01
05.07.2021,18:30,0.01
05.07.2021,18:45,0.01
05.07.2021,19:00,0.01
05.07.2021,19:15,0.01
05.07.2021,19:30,0.01
05.07.2021,19:45,0.01
05.07.2021,20:00,0.01
05.07.2021,20:15,0.01
05.07.2021,20:30,0.01
05.07.2021,20:45,0.01
05.07.2021,21:00,0.01
05.07.2021,21:15,0.01
05.07.2021,21:30,0.01
05.07.2021,21:45,0.01
05.07.2021,22:00,0.01
05.07.2021,22:15,0.01
05.07.2021,22:30,0.01
05.07.2021,22:45,0.01
05.07.2021,23:00,0.01
05.07.2021,23:15,0.01
05.07.2021,23:30,0.01
05.07.2021,23:45,0.01
06.07.2021,0:00,0.01
06.07.2021,0:15,0.01
06.07.2021,0:30,0.01
06.07.2021,0:45,0.01
06.07.2021,1:00,0.01
06.07.2021,1:15,0.01
06.07.2021,1:30,0.01
06.07.2021,1:45,0.01
06.07.2021,2:00,0.01
06.07.2021,2:15,0.01
06.07.2021,2:30,0.01
06.07.2021,2:45,0.01
06.07.2021,3:00,0.01
06.07.2021,3:15,0.01
06.07.2021,3:30,0.01
06.07.2021,3:45,0.01
06.07.2021,4:00,0.01
06.07.2021,4:15,0.01
06.07.2021,4:30,0.01
06.07.2021,4:45,0.01
06.07.2021,5:00,0.01
06.07.2021,5:15,0.01
06.07.2021,5:30,0.01
06.07.2021,5:45,0.01
06.07.2021,6:00,0.01
06.07.2021,6:15,0.01
06.07.2021,6:30,0.01
06.07.2021,6:45,0.01
06.07.2021,7:00,0.01
06.07.2021,7:15,0.01
06.07.2021,7:30,0.01
06.07.2021,7:45,0.01
06.07.2021,8:00,0.01
06.07.2021,8:15,0.01
06.07.2021,8:30,0.01
06.07.2021,8:45,0.01
06.07.2021,9:00,0.01
06.07.2021,9:15,0.01
06.07.2021,9:30,0.01
06.07.2021,9:45,0.01
06.07.2021,10:00,0.01
06.07.2021,10:15,0.01
06.07.2021,10:30,0.01
06.07.2021,10:45,0.01
06.07.2021,11:00,0.01
06.07.2021,11:15,0.01
06.07.2021,11:30,0.01
06.07.2021,11:45,0.01
06.07.2021,12:00,0.01
06.07.2021,12:15,0.01
06.07.2021,12:30,0.01
06.07.2021,12:45,0.01
06.07.2021,13:00,0.01
06.07.2021,13:15,0.01
06.07.2021,13:30,0.01
06.07.2021,13:45,0.01
06.07.2021,14:00,0.01
06.07.2021,14:15,0.01
06.07.2021,14:30,0.01
06.07.2021,14:45,0.01
06.07.2021,15:00,0.01
06.07.2021,15:15,0.01
06.07.2021,15:30,0.01
06.07.2021,15:45,0.01
06.07.2021,16:00,0.01
06.07.2021,16:15,0.01
06.07.2021,16:30,0.01
06.07.2021,16:45,0.01
06.07.2021,17:00,0.01
06.07.2021,17:15,0.01
06.07.2021,17:30,0.01
06.07.2021,17:45,0.01
06.07.2021,18:00,0.01
06.07.2021,18:15,0.01
06.07.2021,18:30,0.01
06.07.2021,18:45,0.01
06.07.2021,19:00,0.01
06.07.2021,19:15,0.01
06.07.2021,19:30,0.01
06.07.2021,19:45,0.01
06.07.2021,20:00,0.01
06.07.2021,20:15,0.01
06.07.2021,20:30,0.01
06.07.2021,20:45,0.01
06.07.2021,21:00,0.01
06.07.2021,21:15,0.01
06.07.2021,21:30,0.01
06.07.2021,21:45,0.01
06.07.2021,22:00,0.01
06.07.2021,22:15,0.01
06.07.2021,22:30,0.01
06.07.2021,22:45,0.01
06.07.2021,23:00,0.01
06.07.2021,23:15,0.01
06.07.2021,23:30,0.01
06.07.2021,23:45,0.01
07.07.2021,0:00,0.01
07.07.2021,0:15,0.01
07.07.2021,0:30,0.01
07.07.2021,0:45,0.01
07.07.2021,1:00,0.01
07.07.2021,1:15,0.01
07.07.2021,1:30,0.01
07.07.2021,1:45,0.01
07.07.2021,2:00,0.01
07.07.2021,2:15,0.01
07.07.2021,2:30,0.01
07.07.2021,2:45,0.01
07.07.2021,3:00,0.01
07.07.2021,3:15,0.01
07.07.2021,3:30,0.01
07.07.2021,3:45,0.01
07.07.2021,4:00,0.01
07.07.2021,4:15,0.01
07.07.2021,4:30,0.01
07.07.2021,4:45,0.01
07.07.2021,5:00,0.01
07.07.2021,5:15,0.01
07.07.2021,5:30,0.01
07.07.2021,5:45,0.01
07.07.2021,6:00,0.01
07.07.2021,6:15,0.01
07.07.2021,6:30,0.01
07.07.2021,6:45,0.01
07.07.2021,7:00,0.01
07.07.2021,7:15,0.01
07.07.2021,7:30,0.01
07.07.2021,7:45,0.01
07.07.2021,8:00,0.01
07.07.2021,8:15,0.01
07.07.2021,8:30,0.01
07.07.2021,8:45,0.01
07.07.2021,9:00,0.01
07.07.2021,9:15,0.01
07.07.2021,9:30,0.01
07.07.2021,9:45,0.01
07.07.2021,10:00,0.01
07.07.2021,10:15,0.01
07.07.2021,10:30,0.01
07.07.2021,10:45,0.01
07.07.2021,11:00,0.01
07.07.2021,11:15,0.01
07.07.2021,11:30,0.01
07.07.2021,11:45,0.01
07.07.2021,12:00,0.01
07.07.2021,12:15,0.01
07.07.2021,12:30,0.01
07.07.2021,12:45,0.01
07.07.2021,13:00,0.01
07.07.2021,13:15,0.01
07.07.2021,13:30,0.01
07.07.2021,13:45,0.01
07.07.2021,14:00,0.01
07.07.2021,14:15,0.01
07.07.2021,14:30,0.01
07.07.2021,14:45,0.01
07.07.2021,15:00,0.01
07.07.2021,15:15,0.01
07.07.2021,15:30,0.01
07.07.2021,15:45,0.01
07.07.2021,16:00,0.01
07.07.2021,16:15,0.01
07.07.2021,16:30,0.01
07.07.2021,16:45,0.01
07.07.2021,17:00,0.01
07.07.2021,17:15,0.01
07.07.2021,17:30,0.01
07.07.2021,17:45,0.01
07.07.2021,18:00,0.01
07.07.2021,18:15,0.01
07.07.2021,18:30,0.01
07.07.2021,18:45,0.01
07.07.2021,19:00,0.01
07.07.2021,19:15,0.01
07.07.2021,19:30,0.01
07.07.2021,19:45,0.01
07.07.2021,20:00,0.01
07.07.2021,20:15,0.01
07.07.2021,20:30,0.01
07.07.2021,20:45,0.01
07.07.2021,21:00,0.01
07.07.2021,21:15,0.01
07.07.2021,21:30,0.01
07.07.2021,21:45,0.01
07.07.2021,22:00,0.01
07.07.2021,22:15,0.01
07.07.2021,22:30,0.01
07.07.2021,22:45,0.01
07.07.2021,23:00,0.01
07.07.2021,23:15,0.01
07.07.2021,23:30,0.01
07.07.2021,23:45,0.01
08.07.2021,0:00,0.01
08.07.2021,0:15,0.01
08.07.2021,0:30,0.01
08.07.2021,0:45,0.01
08.07.2021,1:00,0.01
08.07.2021,1:15,0.01
08.07.2021,1:30,0.01
08.07.2021,1:45,0.01
08.07.2021,2:00,0.01
08.07.2021,2:15,0.01
08.07.2021,2:30,0.01
08.07.2021,2:45,0.01
08.07.2021,3:00,0.01
08.07.2021,3:15,0.01
08.07.2021,3:30,0.01
08.07.2021,3:45,0.01
08.07.2021,4:00,0.01
08.07.2021,4:15,0.01
08.07.2021,4:30,0.01
08.07.2021,4:45,0.01
08.07.2021,5:00,0.01
08.07.2021,5:15,0.01
08.07.2021,5:30,0.01
08.07.2021,5:45,0.01
08.07.2021,6:00,0.01
08.07.2021,6:15,0.01
08.07.2021,6:30,0.01
08.07.2021,6:45,0.01
08.07.2021,7:00,0.01
08.07.2021,7:15,0.01
08.07.2021,7:30,0.01
08.07.2021,7:45,0.01
08.07.2021,8:00,0.01
08.07.2021,8:15,0.01
08.07.2021,8:30,0.01
08.07.2021,8:45,0.01
08.07.2021,9:00,0.01
08.07.2021,9:15,0.01
08.07.2021,9:30,0.01
08.07.2021,9:45,0.01
08.07.2021,10:00,0.01
08.07.2021,10:15,0.01
08.07.2021,10:30,0.01
08.07.2021,10:45,0.01
08.07.2021,11:00,0.01
08.07.2021,11:15,0.01
08.07.2021,11:30,0.01
08.07.2021,11:45,0.01
08.07.2021,12:00,0.01
08.07.2021,12:15,0.01
08.07.2021,12:30,0.01
08.07.2021,12:45,0.01
08.07.2021,13:00,0.01
08.07.2021,13:15,0.01
08.07.2021,13:30,0.01
08.07.2021,13:45,0.01
08.07.2021,14:00,0.01
08.07.2021,14:15,0.01
08.07.2021,14:30,0.01
08.07.2021,14:45,0.01
08.07.2021,15:00,0.01
08.07.2021,15:15,0.01
08.07.2021,15:30,0.01
08.07.2021,15:45,0.01
08.07.2021,16:00,0.01
08.07.2021,16:15,0.01
08.07.2021,16:30,0.01
08.07.2021,16:45,0.01
08.07.2021,17:00,0.01
08.07.2021,17:15,0.01
08.07.2021,17:30,0.01
08.07.2021,17:45,0.01
08.07.2021,18:00,0.01
08.07.2021,18:15,0.01
08.07.2021,18:30,0.01
08.07.2021,18:45,0.01
08.07.2021,19:00,0.01
08.07.2021,19:15,0.01
08.07.2021,19:30,0.01
08.07.2021,19:45,0.01
08.07.2021,20:00,0.01
08.07.2021,20:15,0.01
08.07.2021,20:30,0.01
08.07.2021,20:45,0.01
08.07.2021,21:00,0.01
08.07.2021,21:15,0.01
08.07.2021,21:30,0.01
08.07.2021,21:45,0.01
08.07.2021,22:00,0.01
08.07.2021,22:15,0.01
08.07.2021,22:30,0.01
08.07.2021,22:45,0.01
08.07.2021,23:00,0.01
08.07.2021,23:15,0.01
08.07.2021,23:30,0.01
08.07.2021,23:45,0.01
09.07.2021,0:00,0.01
09.07.2021,0:15,0.01
09.07.2021,0:30,0.01
09.07.2021,0:45,0.01
09.07.2021,1:00,0.01
09.07.2021,1:15,0.01
09.07.2021,1:30,0.01
09.07.2021,1:45,0.01
09.07.2021,2:00,0.01
09.07.2021,2:15,0.01
09.07.2021,2:30,0.01
09.07.2021,2:45,0.01
09.07.2021,3:00,0.01
09.07.2021,3:15,0.01
09.07.2021,3:30,0.01
09.07.2021,3:45,0.01
09.07.2021,4:00,0.01
09.07.2021,4:15,0.01
09.07.2021,4:30,0.01
09.07.2021,4:45,0.01
09.07.2021,5:00,0.01
09.07.2021,5:15,0.01
09.07.2021,5:30,0.01
09.07.2021,5:45,0.01
09.07.2021,6:00,0.01
09.07.2021,6:15,0.01
09.07.2021,6:30,0.01
09.07.2021,6:45,0.01
09.07.2021,7:00,0.01
09.07.2021,7:15,0.01
09.07.2021,7:30,0.01
09.07.2021,7:45,0.01
09.07.2021,8:00,0.01
09.07.2021,8:15,0.01
09.07.2021,8:30,0.01
09.07.2021,8:45,0.01
09.07.2021,9:00,0.01
09.07.2021,9:15,0.01
09.07.2021,9:30,0.01
09.07.2021,9:45,0.01
09.07.2021,10:00,0.01
09.07.2021,10:15,0.01
09.07.2021,10:30,0.01
09.07.2021,10:45,0.01
09.07.2021,11:00,0.01
09.07.2021,11:15,0.01
09.07.2021,11:30,0.01
09.07.2021,11:45,0.01
09.07.2021,12:00,0.01
09.07.2021,12:15,0.01
09.07.2021,12:30,0.01
09.07.2021,12:45,0.01
09.07.2021,13:00,0.01
09.07.2021,13:15,0.01
09.07.2021,13:30,0.01
09.07.2021,13:45,0.01
09.07.2021,14:00,0.01
09.07.2021,14:15,0.01
09.07.2021,14:30,0.01
09.07.2021,14:45,0.01
09.07.2021,15:00,0.01
09.07.2021,15:15,0.01
09.07.2021,15:30,0.01
09.07.2021,15:45,0.01
09.07.2021,16:00,0.01
09.07.2021,16:15,0.01
09.07.2021,16:30,0.01
09.07.2021,16:45,0.01
09.07.2021,17:00,0.01
09.07.2021,17:15,0.01
09.07.2021,17:30,0.01
09.07.2021,17:45,0.01
09.07.2021,18:00,0.01
09.07.2021,18:15,0.01
09.07.2021,18:30,0.01
09.07.2021,18:45,0.01
09.07.2021,19:00,0.01
09.07.2021,19:15,0.01
09.07.2021,19:30,0.01
09.07.2021,19:45,0.01
09.07.2021,20:00,0.01
09.07.2021,20:15,0.01
09.07.2021,20:30,0.01
09.07.2021,20:45,0.01
09.07.2021,21:00,0.01
09.07.2021,21:15,0.01
09.07.2021,21:30,0.01
09.07.2021,21:45,0.01
09.07.2021,22:00,0.01
09.07.2021,22:15,0.01
09.07.2021,22:30,0.01
09.07.2021,22:45,0.01
09.07.2021,23:00,0.01
09.07.2021,23:15,0.01
09.07.2021,23:30,0.01
09.07.2021,23:45,0.01
10.07.2021,0:00,0.01
10.07.2021,0:15,0.01
10.07.2021,0:30,0.01
10.07.2021,0:45,0.01
10.07.2021,1:00,0.01
10.07.2021,1:15,0.01
10.07.2021,1:30,0.01
10.07.2021,1:45,0.01
10.07.2021,2:00,0.01
10.07.2021,2:15,0.01
10.07.2021,2:30,0.01
10.07.2021,2:45,0.01
10.07.2021,3:00,0.01
10.07.2021,3:15,0.01
10.07.2021,3:30,0.01
10.07.2021,3:45,0.01
10.07.2021,4:00,0.01
10.07.2021,4:15,0.01
10.07.2021,4:30,0.01
10.07.2021,4:45,0.01
10.07.2021,5:00,0.01
10.07.2021,5:15,0.01
10.07.2021,5:30,0.01
10.07.2021,5:45,0.01
10.07.2021,6:00,0.01
10.07.2021,6:15,0.01
10.07.2021,6:30,0.01
10.07.2021,6:45,0.01
10.07.2021,7:00,0.01
10.07.2021,7:15,0.01
10.07.2021,7:30,0.01
10.07.2021,7:45,0.01
10.07.2021,8:00,0.01
10.07.2021,8:15,0.01
10.07.2021,8:30,0.01
10.07.2021,8:45,0.01
10.07.2021,9:00,0.01
10.07.2021,9:15,0.01
10.07.2021,9:30,0.01
10.07.2021,9:45,0.01
10.07.2021,10:00,0.01
10.07.2021,10:15,0.01
10.07.2021,10:30,0.01
10.07.2021,10:45,0.01
10.07.2021,11:00,0.01
10.07.2021,11:15,0.01
10.07.2021,11:30,0.01
10.07.2021,11:45,0.01
10.07.2021,12:00,0.01
10.07.2021,12:15,0.01
10.07.2021,12:30,0.01
10.07.2021,12:45,0.01
10.07.2021,13:00,0.01
10.07.2021,13:15,0.01
10.07.2021,13:30,0.01
10.07.2021,13:45,0.01
10.07.2021,14:00,0.01
10.07.2021,14:15,0.01
10.07.2021,14:30,0.01
10.07.2021,14:45,0.01
10.07.2021,15:00,0.01
10.07.2021,15:15,0.01
10.07.2021,15:30,0.01
10.07.2021,15:45,0.01
10.07.2021,16:00,0.01
10.07.2021,16:15,0.01
10.07.2021,16:30,0.01
10.07.2021,16:45,0.01
10.07.2021,17:00,0.01
10.07.2021,17:15,0.01
10.07.2021,17:30,0.01
10.07.2021,17:45,0.01
10.07.2021,18:00,0.01
10.07.2021,18:15,0.01
10.07.2021,18:30,0.01
10.07.2021,18:45,0.01
10.07.2021,19:00,0.01
10.07.2021,19:15,0.01
10.07.2021,19:30,0.01
10.07.2021,19:45,0.01
10.07.2021,20:00,0.01
10.07.2021,20:15,0.01
10.07.2021,20:30,0.01
10.07.2021,20:45,0.01
10.07.2021,21:00,0.01
10.07.2021,21:15,0.01
10.07.2021,21:30,0.01
10.07.2021,21:45,0.01
10.07.2021,22:00,0.01
10.07.2021,22:15,0.01
10.07.2021,22:30,0.01
10.07.2021,22:45,0.01
10.07.2021,23:00,0.01
10.07.2021,23:15,0.01
10.07.2021,23:30,0.01
10.07.2021,23:45,0.01
11.07.2021,0:00,0.01
11.07.2021,0:15,0.01
11.07.2021,0:30,0.01
11.07.2021,0:45,0.01
11.07.2021,1:00,0.01
11.07.2021,1:15,0.01
11.07.2021,1:30,0.01
11.07.2021,1:45,0.01
11.07.2021,2:00,0.01
11.07.2021,2:15,0.01
11.07.2021,2:30,0.01
11.07.2021,2:45,0.01
11.07.2021,3:00,0.01
11.07.2021,3:15,0.01
11.07.2021,3:30,0.01
11.07.2021,3:45,0.01
11.07.2021,4:00,0.01
11.07.2021,4:15,0.01
11.07.2021,4:30,0.01
11.07.2021,4:45,0.01
11.07.2021,5:00,0.01
11.07.2021,5:15,0.01
11.07.2021,5:30,0.01
11.07.2021,5:45,0.01
11.07.2021,6:00,0.01
11.07.2021,6:15,0.01
11.07.2021,6:30,0.01
11.07.2021,6:45,0.01
11.07.2021,7:00,0.01
11.07.2021,7:15,0.01
11.07.2021,7:30,0.01
11.07.2021,7:45,0.01
11.07.2021,8:00,0.01
11.07.2021,8:15,0.01
11.07.2021,8:30,0.01
11.07.2021,8:45,0.01
11.07.2021,9:00,0.01
11.07.2021,9:15,0.01
11.07.2021,9:30,0.01
11.07.2021,9:45,0.01
11.07.2021,10:00,0.01
11.07.2021,10:15,0.01
11.07.2021,10:30,0.01
11.07.2021,10:45,0.01
11.07.2021,11:00,0.01
11.07.2021,11:15,0.01
11.07.2021,11:30,0.01
11.07.2021,11:45,0.01
11.07.2021,12:00,0.01
11.07.2021,12:15,0.01
11.07.2021,12:30,0.01
11.07.2021,12:45,0.01
11.07.2021,13:00,0.01
11.07.2021,13:15,0.01
11.07.2021,13:30,0.01
11.07.2021,13:45,0.01
11.07.2021,14:00,0.01
11.07.2021,14:15,0.01
11.07.2021,14:30,0.01
11.07.2021,14:45,0.01
11.07.2021,15:00,0.01
11.07.2021,15:15,0.01
11.07.2021,15:30,0.01
11.07.2021,15:45,0.01
11.07.2021,16:00,0.01
11.07.2021,16:15,0.01
11.07.2021,16:30,0.01
11.07.2021,16:45,0.01
11.07.2021,17:00,0.01
11.07.2021,17:15,0.01
11.07.2021,17:30,0.01
11.07.2021,17:45,0.01
11.07.2021,18:00,0.01
11.07.2021,18:15,0.01
11.07.2021,18:30,0.01
11.07.2021,18:45,0.01
11.07.2021,19:00,0.01
11.07.2021,19:15,0.01
11.07.2021,19:30,0.01
11.07.2021,19:45,0.01
11.07.2021,20:00,0.01
11.07.2021,20:15,0.01
11.07.2021,20:30,0.01
11.07.2021,20:45,0.01
11.07.2021,21:00,0.01
11.07.2021,21:15,0.01
11.07.2021,21:30,0.01
11.07.2021,21:45,0.01
11.07.2021,22:00,0.01
11.07.2021,22:15,0.01
11.07.2021,22:30,0.01
11.07.2021,22:45,0.01
11.07.2021,23:00,0.01
11.07.2021,23:15,0.01
11.07.2021,23:30,0.01
11.07.2021,23:45,0.01
12.07.2021,0:00,0.01
12.07.2021,0:15,0.01
12.07.2021,0:30,0.01
12.07.2021,0:45,0.01
12.07.2021,1:00,0.01
12.07.2021,1:15,0.01
12.07.2021,1:30,0.01
12.07.2021,1:45,0.01
12.07.2021,2:00,0.01
12.07.2021,2:15,0.01
12.07.2021,2:30,0.01
12.07.2021,2:45,0.01
12.07.2021,3:00,0.01
12.07.2021,3:15,0.01
12.07.2021,3:30,0.01
12.07.2021,3:45,0.01
12.07.2021,4:00,0.01
12.07.2021,4:15,0.01
12.07.2021,4:30,0.01
12.07.2021,4:45,0.01
12.07.2021,5:00,0.01
12.07.2021,5:15,0.01
12.07.2021,5:30,0.01
12.07.2021,5:45,0.01
12.07.2021,6:00,0.01
12.07.2021,6:15,0.01
12.07.2021,6:30,0.01
12.07.2021,6:45,0.01
12.07.2021,7:00,0.01
12.07.2021,7:15,0.01
12.07.2021,7:30,0.01
12.07.2021,7:45,0.01
12.07.2021,8:00,0.01
12.07.2021,8:15,0.01
12.07.2021,8:30,0.01
12.07.2021,8:45,0.01
12.07.2021,9:00,0.01
12.07.2021,9:15,0.01
12.07.2021,9:30,0.01
12.07.2021,9:45,0.01
12.07.2021,10:00,0.01
12.07.2021,10:15,0.01
12.07.2021,10:30,0.01
12.07.2021,10:45,0.01
12.07.2021,11:00,0.01
12.07.2021,11:15,0.01
12.07.2021,11:30,0.01
12.07.2021,11:45,0.01
12.07.2021,12:00,0.01
12.07.2021,12:15,0.01
12.07.2021,12:30,0.01
12.07.2021,12:45,0.01
12.07.2021,13:00,0.01
12.07.2021,13:15,0.01
12.07.2021,13:30,0.01
12.07.2021,13:45,0.01
12.07.2021,14:00,0.01
12.07.2021,14:15,0.01
12.07.2021,14:30,0.01
12.07.2021,14:45,0.01
12.07.2021,15:00,0.01
12.07.2021,15:15,0.01
12.07.2021,15:30,0.01
12.07.2021,15:45,0.01
12.07.2021,16:00,0.01
12.07.2021,16:15,0.01
12.07.2021,16:30,0.01
12.07.2021,16:45,0.01
12.07.2021,17:00,0.01
12.07.2021,17:15,0.01
12.07.2021,17:30,0.01
12.07.2021,17:45,0.01
12.07.2021,18:00,0.01
12.07.2021,18:15,0.01
12.07.2021,18:30,0.01
12.07.2021,18:45,0.01
12.07.2021,19:00,0.01
12.07.2021,19:15,0.01
12.07.2021,19:30,0.01
12.07.2021,19:45,0.01
12.07.2021,20:00,0.01
12.07.2021,20:15,0.01
12.07.2021,20:30,0.01
12.07.2021,20:45,0.01
12.07.2021,21:00,0.01
12.07.2021,21:15,0.01
12.07.2021,21:30,0.01
12.07.2021,21:45,0.01
12.07.2021,22:00,0.01
12.07.2021,22:15,0.01
12.07.2021,22:30,0.01
12.07.2021,22:45,0.01
12.07.2021,23:00,0.01
12.07.2021,23:15,0.01
12.07.2021,23:30,0.01
12.07.2021,23:45,0.01
13.07.2021,0:00,0.01
13.07.2021,0:15,0.01
13.07.2021,0:30,0.01
13.07.2021,0:45,0.01
13.07.2021,1:00,0.01
13.07.2021,1:15,0.01
13.07.2021,1:30,0.01
13.07.2021,1:45,0.01
13.07.2021,2:00,0.01
13.07.2021,2:15,0.01
13.07.2021,2:30,0.01
13.07.2021,2:45,0.01
13.07.2021,3:00,0.01
13.07.2021,3:15,0.01
13.07.2021,3:30,0.01
13.07.2021,3:45,0.01
13.07.2021,4:00,0.01
13.07.2021,4:15,0.01
13.07.2021,4:30,0.01
13.07.2021,4:45,0.01
13.07.2021,5:00,0.01
13.07.2021,5:15,0.01
13.07.2021,5:30,0.01
13.07.2021,5:45,0.01
13.07.2021,6:00,0.01
13.07.2021,6:15,0.01
13.07.2021,6:30,0.01
13.07.2021,6:45,0.01
13.07.2021,7:00,0.01
13.07.2021,7:15,0.01
13.07.2021,7:30,0.01
13.07.2021,7:45,0.01
13.07.2021,8:00,0.01
13.07.2021,8:15,0.01
13.07.2021,8:30,0.01
13.07.2021,8:45,0.01
13.07.2021,9:00,0.01
13.07.2021,9:15,0.01
13.07.2021,9:30,0.01
13.07.2021,9:45,0.01
13.07.2021,10:00,0.01
13.07.2021,10:15,0.01
13.07.2021,10:30,0.01
13.07.2021,10:45,0.01
13.07.2021,11:00,0.01
13.07.2021,11:15,0.01
13.07.2021,11:30,0.01
13.07.2021,11:45,0.01
13.07.2021,12:00,0.01
13.07.2021,12:15,0.01
13.07.2021,12:30,0.01
13.07.2021,12:45,0.01
13.07.2021,13:00,0.01
13.07.2021,13:15,0.01
13.07.2021,13:30,0.01
13.07.2021,13:45,0.01
13.07.2021,14:00,0.01
13.07.2021,14:15,0.01
13.07.2021,14:30,0.01
13.07.2021,14:45,0.01
13.07.2021,15:00,0.01
13.07.2021,15:15,0.01
13.07.2021,15:30,0.01
13.07.2021,15:45,0.01
13.07.2021,16:00,0.01
13.07.2021,16:15,0.01
13.07.2021,16:30,0.01
13.07.2021,16:45,0.01
13.07.2021,17:00,0.01
13.07.2021,17:15,0.01
13.07.2021,17:30,0.01
13.07.2021,17:45,0.01
13.07.2021,18:00,0.01
13.07.2021,18:15,0.01
13.07.2021,18:30,0.01
13.07.2021,18:45,0.01
13.07.2021,19:00,0.01
13.07.2021,19:15,0.01
13.07.2021,19:30,0.01
13.07.2021,19:45,0.01
13.07.2021,20:00,0.01
13.07.2021,20:15,0.01
13.07.2021,20:30,0.01
13.07.2021,20:45,0.01
13.07.2021,21:00,0.01
13.07.2021,21:15,0.01
13.07.2021,21:30,0.01
13.07.2021,21:45,0.01
13.07.2021,22:00,0.01
13.07.2021,22:15,0.01
13.07.2021,22:30,0.01
13.07.2021,22:45,0.01
13.07.2021,23:00,0.01
13.07.2021,23:15,0.01
13.07.2021,23:30,0.01
13.07.2021,23:45,0.01
14.07.2021,0:00,0.01
14.07.2021,0:15,0.01
14.07.2021,0:30,0.01
14.07.2021,0:45,0.01
14.07.2021,1:00,0.01
14.07.2021,1:15,0.01
14.07.2021,1:30,0.01
14.07.2021,1:45,0.01
14.07.2021,2:00,0.01
14.07.2021,2:15,0.01
14.07.2021,2:30,0.01
14.07.2021,2:45,0.01
14.07.2021,3:00,0.01
14.07.2021,3:15,0.01
14.07.2021,3:30,0.01
14.07.2021,3:45,0.01
14.07.2021,4:00,0.01
14.07.2021,4:15,0.01
14.07.2021,4:30,0.01
14.07.2021,4:45,0.01
14.07.2021,5:00,0.01
14.07.2021,5:15,0.01
14.07.2021,5:30,0.01
14.07.2021,5:45,0.01
14.07.2021,6:00,0.01
14.07.2021,6:15,0.01
14.07.2021,6:30,0.01
14.07.2021,6:45,0.01
14.07.2021,7:00,0.01
14.07.2021,7:15,0.01
14.07.2021,7:30,0.01
14.07.2021,7:45,0.01
14.07.2021,8:00,0.01
14.07.2021,8:15,0.01
14.07.2021,8:30,0.01
14.07.2021,8:45,0.01
14.07.2021,9:00,0.01
14.07.2021,9:15,0.01
14.07.2021,9:30,0.01
14.07.2021,9:45,0.01
14.07.2021,10:00,0.01
14.07.2021,10:15,0.01
14.07.2021,10:30,0.01
14.07.2021,10:45,0.01
14.07.2021,11:00,0.01
14.07.2021,11:15,0.01
14.07.2021,11:30,0.01
14.07.2021,11:45,0.01
14.07.2021,12:00,0.01
14.07.2021,12:15,0.01
14.07.2021,12:30,0.01
14.07.2021,12:45,0.01
14.07.2021,13:00,0.01
14.07.2021,13:15,0.01
14.07.2021,13:30,0.01
14.07.2021,13:45,0.01
14.07.2021,14:00,0.01
14.07.2021,14:15,0.01
14.07.2021,14:30,0.01
14.07.2021,14:45,0.01
14.07.2021,15:00,0.01
14.07.2021,15:15,0.01
14.07.2021,15:30,0.01
14.07.2021,15:45,0.01
14.07.2021,16:00,0.01
14.07.2021,16:15,0.01
14.07.2021,16:30,0.01
14.07.2021,16:45,0.01
14.07.2021,17:00,0.01
14.07.2021,17:15,0.01
14.07.2021,17:30,0.01
14.07.2021,17:45,0.01
14.07.2021,18:00,0
14.07.2021,18:15,0.01
14.07.2021,18:30,0.01
14.07.2021,18:45,0.01
14.07.2021,19:00,0.01
14.07.2021,19:15,0.01
14.07.2021,19:30,0.01
14.07.2021,19:45,0.01
14.07.2021,20:00,0.01
14.07.2021,20:15,0.01
14.07.2021,20:30,0.01
14.07.2021,20:45,0.01
14.07.2021,21:00,0.01
14.07.2021,21:15,0.01
14.07.2021,21:30,0.01
14.07.2021,21:45,0.01
14.07.2021,22:00,0.01
14.07.2021,22:15,0.01
14.07.2021,22:30,0.01
14.07.2021,22:45,0.01
14.07.2021,23:00,0.01
14.07.2021,23:15,0.01
14.07.2021,23:30,0.01
14.07.2021,23:45,0.01
15.07.2021,0:00,0.01
15.07.2021,0:15,0.01
15.07.2021,0:30,0.01
15.07.2021,0:45,0.01
15.07.2021,1:00,0.01
15.07.2021,1:15,0.01
15.07.2021,1:30,0.01
15.07.2021,1:45,0.01
15.07.2021,2:00,0.01
15.07.2021,2:15,0.01
15.07.2021,2:30,0.01
15.07.2021,2:45,0.01
15.07.2021,3:00,0.01
15.07.2021,3:15,0.01
15.07.2021,3:30,0.01
15.07.2021,3:45,0.01
15.07.2021,4:00,0.01
15.07.2021,4:15,0.01
15.07.2021,4:30,0.01
15.07.2021,4:45,0.01
15.07.2021,5:00,0.01
15.07.2021,5:15,0.01
15.07.2021,5:30,0.01
15.07.2021,5:45,0.01
15.07.2021,6:00,0.01
15.07.2021,6:15,0.01
15.07.2021,6:30,0.01
15.07.2021,6:45,0.01
15.07.2021,7:00,0.01
15.07.2021,7:15,0.01
15.07.2021,7:30,0.01
15.07.2021,7:45,0.01
15.07.2021,8:00,0.01
15.07.2021,8:15,0.01
15.07.2021,8:30,0.01
15.07.2021,8:45,0.01
15.07.2021,9:00,0.01
15.07.2021,9:15,0.01
15.07.2021,9:30,0.01
15.07.2021,9:45,0.01
15.07.2021,10:00,0.01
15.07.2021,10:15,0.01
15.07.2021,10:30,0.01
15.07.2021,10:45,0.01
15.07.2021,11:00,0.01
15.07.2021,11:15,0.01
15.07.2021,11:30,0.01
15.07.2021,11:45,0.01
15.07.2021,12:00,0.01
15.07.2021,12:15,0.01
15.07.2021,12:30,0.01
15.07.2021,12:45,0.01
15.07.2021,13:00,0.01
15.07.2021,13:15,0.01
15.07.2021,13:30,0.01
15.07.2021,13:45,0.01
15.07.2021,14:00,0.01
15.07.2021,14:15,0.01
15.07.2021,14:30,0.01
15.07.2021,14:45,0.01
15.07.2021,15:00,0.01
15.07.2021,15:15,0.01
15.07.2021,15:30,0.01
15.07.2021,15:45,0.01
15.07.2021,16:00,0.01
15.07.2021,16:15,0.01
15.07.2021,16:30,0.01
15.07.2021,16:45,0.01
15.07.2021,17:00,0.01
15.07.2021,17:15,0.01
15.07.2021,17:30,0.01
15.07.2021,17:45,0.01
15.07.2021,18:00,0.01
15.07.2021,18:15,0.01
15.07.2021,18:30,0.01
15.07.2021,18:45,0.01
15.07.2021,19:00,0.01
15.07.2021,19:15,0.01
15.07.2021,19:30,0.01
15.07.2021,19:45,0.01
15.07.2021,20:00,0.01
15.07.2021,20:15,0.01
15.07.2021,20:30,0.01
15.07.2021,20:45,0.01
15.07.2021,21:00,0.01
15.07.2021,21:15,0.01
15.07.2021,21:30,0.01
15.07.2021,21:45,0.01
15.07.2021,22:00,0.01
15.07.2021,22:15,0.01
15.07.2021,22:30,0.01
15.07.2021,22:45,0.01
15.07.2021,23:00,0.01
15.07.2021,23:15,0.01
15.07.2021,23:30,0.01
15.07.2021,23:45,0.01
16.07.2021,0:00,0
16.07.2021,0:15,0.01
16.07.2021,0:30,0.01
16.07.2021,0:45,0.01
16.07.2021,1:00,0.01
16.07.2021,1:15,0.01
16.07.2021,1:30,0.01
16.07.2021,1:45,0.01
16.07.2021,2:00,0.01
16.07.2021,2:15,0.01
16.07.2021,2:30,0.01
16.07.2021,2:45,0.01
16.07.2021,3:00,0.01
16.07.2021,3:15,0.01
16.07.2021,3:30,0.01
16.07.2021,3:45,0.01
16.07.2021,4:00,0.01
16.07.2021,4:15,0.01
16.07.2021,4:30,0.01
16.07.2021,4:45,0.01
16.07.2021,5:00,0.01
16.07.2021,5:15,0.01
16.07.2021,5:30,0.01
16.07.2021,5:45,0.01
16.07.2021,6:00,0.01
16.07.2021,6:15,0.01
16.07.2021,6:30,0.01
16.07.2021,6:45,0.01
16.07.2021,7:00,0.01
16.07.2021,7:15,0.01
16.07.2021,7:30,0.01
16.07.2021,7:45,0.01
16.07.2021,8:00,0.01
16.07.2021,8:15,0.01
16.07.2021,8:30,0.01
16.07.2021,8:45,0.01
16.07.2021,9:00,0.01
16.07.2021,9:15,0.01
16.07.2021,9:30,0.01
16.07.2021,9:45,0.01
16.07.2021,10:00,0.01
16.07.2021,10:15,0.01
16.07.2021,10:30,0.01
16.07.2021,10:45,0.01
16.07.2021,11:00,0.01
16.07.2021,11:15,0.01
16.07.2021,11:30,0.01
16.07.2021,11:45,0.01
16.07.2021,12:00,0.01
16.07.2021,12:15,0.01
16.07.2021,12:30,0.01
16.07.2021,12:45,0.01
16.07.2021,13:00,0.01
16.07.2021,13:15,0.01
16.07.2021,13:30,0.01
16.07.2021,13:45,0.01
16.07.2021,14:00,0.01
16.07.2021,14:15,0.01
16.07.2021,14:30,0.01
16.07.2021,14:45,0.01
16.07.2021,15:00,0.01
16.07.2021,15:15,0.01
16.07.2021,15:30,0.01
16.07.2021,15:45,0.01
16.07.2021,16:00,0.01
16.07.2021,16:15,0.01
16.07.2021,16:30,0.01
16.07.2021,16:45,0.01
16.07.2021,17:00,0.01
16.07.2021,17:15,0.01
16.07.2021,17:30,0.01
16.07.2021,17:45,0.01
16.07.2021,18:00,0.01
16.07.2021,18:15,0.01
16.07.2021,18:30,0.01
16.07.2021,18:45,0.01
16.07.2021,19:00,0.01
16.07.2021,19:15,0.01
16.07.2021,19:30,0.01
16.07.2021,19:45,0.01
16.07.2021,20:00,0.01
16.07.2021,20:15,0.01
16.07.2021,20:30,0.01
16.07.2021,20:45,0.01
16.07.2021,21:00,0.01
16.07.2021,21:15,0.01
16.07.2021,21:30,0.01
16.07.2021,21:45,0.01
16.07.2021,22:00,0.01
16.07.2021,22:15,0.01
16.07.2021,22:30,0.01
16.07.2021,22:45,0.01
16.07.2021,23:00,0.01
16.07.2021,23:15,0.01
16.07.2021,23:30,0.01
16.07.2021,23:45,0.01
17.07.2021,0:00,0.01
17.07.2021,0:15,0.01
17.07.2021,0:30,0.01
17.07.2021,0:45,0.01
17.07.2021,1:00,0.01
17.07.2021,1:15,0
17.07.2021,1:30,0.01
17.07.2021,1:45,0.01
17.07.2021,2:00,0.01
17.07.2021,2:15,0.01
17.07.2021,2:30,0.01
17.07.2021,2:45,0.01
17.07.2021,3:00,0.01
17.07.2021,3:15,0.01
17.07.2021,3:30,0.01
17.07.2021,3:45,0.01
17.07.2021,4:00,0.01
17.07.2021,4:15,0.01
17.07.2021,4:30,0.01
17.07.2021,4:45,0.01
17.07.2021,5:00,0.01
17.07.2021,5:15,0.01
17.07.2021,5:30,0.01
17.07.2021,5:45,0.01
17.07.2021,6:00,0.01
17.07.2021,6:15,0.01
17.07.2021,6:30,0.01
17.07.2021,6:45,0.01
17.07.2021,7:00,0.01
17.07.2021,7:15,0.01
17.07.2021,7:30,0.01
17.07.2021,7:45,0.01
17.07.2021,8:00,0.01
17.07.2021,8:15,0.01
17.07.2021,8:30,0.01
17.07.2021,8:45,0.01
17.07.2021,9:00,0.01
17.07.2021,9:15,0.01
17.07.2021,9:30,0.01
17.07.2021,9:45,0.01
17.07.2021,10:00,0.01
17.07.2021,10:15,0.01
17.07.2021,10:30,0.01
17.07.2021,10:45,0.01
17.07.2021,11:00,0.01
17.07.2021,11:15,0.01
17.07.2021,11:30,0.01
17.07.2021,11:45,0.01
17.07.2021,12:00,0.01
17.07.2021,12:15,0.01
17.07.2021,12:30,0.01
17.07.2021,12:45,0.01
17.07.2021,13:00,0.01
17.07.2021,13:15,0.01
17.07.2021,13:30,0.01
17.07.2021,13:45,0.01
17.07.2021,14:00,0.01
17.07.2021,14:15,0.01
17.07.2021,14:30,0.01
17.07.2021,14:45,0.01
17.07.2021,15:00,0.01
17.07.2021,15:15,0.01
17.07.2021,15:30,0.01
17.07.2021,15:45,0.01
17.07.2021,16:00,0.01
17.07.2021,16:15,0.01
17.07.2021,16:30,0.01
17.07.2021,16:45,0.01
17.07.2021,17:00,0.01
17.07.2021,17:15,0.01
17.07.2021,17:30,0.01
17.07.2021,17:45,0.01
17.07.2021,18:00,0.01
17.07.2021,18:15,0.01
17.07.2021,18:30,0.01
17.07.2021,18:45,0.01
17.07.2021,19:00,0.01
17.07.2021,19:15,0.01
17.07.2021,19:30,0.01
17.07.2021,19:45,0.01
17.07.2021,20:00,0.01
17.07.2021,20:15,0.01
17.07.2021,20:30,0.01
17.07.2021,20:45,0.01
17.07.2021,21:00,0.01
17.07.2021,21:15,0.01
17.07.2021,21:30,0.01
17.07.2021,21:45,0.01
17.07.2021,22:00,0.01
17.07.2021,22:15,0.01
17.07.2021,22:30,0.01
17.07.2021,22:45,0.01
17.07.2021,23:00,0.01
17.07.2021,23:15,0.01
17.07.2021,23:30,0.01
17.07.2021,23:45,0.01
18.07.2021,0:00,0.01
18.07.2021,0:15,0.01
18.07.2021,0:30,0.01
18.07.2021,0:45,0.01
18.07.2021,1:00,0.01
18.07.2021,1:15,0.01
18.07.2021,1:30,0.01
18.07.2021,1:45,0.01
18.07.2021,2:00,0.01
18.07.2021,2:15,0.01
18.07.2021,2:30,0.01
18.07.2021,2:45,0.01
18.07.2021,3:00,0.01
18.07.2021,3:15,0.01
18.07.2021,3:30,0.01
18.07.2021,3:45,0.01
18.07.2021,4:00,0.01
18.07.2021,4:15,0.01
18.07.2021,4:30,0.01
18.07.2021,4:45,0.01
18.07.2021,5:00,0.01
18.07.2021,5:15,0.01
18.07.2021,5:30,0.01
18.07.2021,5:45,0.01
18.07.2021,6:00,0.01
18.07.2021,6:15,0.01
18.07.2021,6:30,0.01
18.07.2021,6:45,0.01
18.07.2021,7:00,0.01
18.07.2021,7:15,0.01
18.07.2021,7:30,0.01
18.07.2021,7:45,0.01
18.07.2021,8:00,0.01
18.07.2021,8:15,0.01
18.07.2021,8:30,0.01
18.07.2021,8:45,0.01
18.07.2021,9:00,0.01
18.07.2021,9:15,0.01
18.07.2021,9:30,0.01
18.07.2021,9:45,0.01
18.07.2021,10:00,0.01
18.07.2021,10:15,0.01
18.07.2021,10:30,0.01
18.07.2021,10:45,0.01
18.07.2021,11:00,0.01
18.07.2021,11:15,0.01
18.07.2021,11:30,0.01
18.07.2021,11:45,0.01
18.07.2021,12:00,0.01
18.07.2021,12:15,0.01
18.07.2021,12:30,0.01
18.07.2021,12:45,0.01
18.07.2021,13:00,0.01
18.07.2021,13:15,0.01
18.07.2021,13:30,0.01
18.07.2021,13:45,0.01
18.07.2021,14:00,0.01
18.07.2021,14:15,0.01
18.07.2021,14:30,0.01
18.07.2021,14:45,0.01
18.07.2021,15:00,0.01
18.07.2021,15:15,0.01
18.07.2021,15:30,0.01
18.07.2021,15:45,0.01
18.07.2021,16:00,0.01
18.07.2021,16:15,0.01
18.07.2021,16:30,0.01
18.07.2021,16:45,0.01
18.07.2021,17:00,0.01
18.07.2021,17:15,0.01
18.07.2021,17:30,0.01
18.07.2021,17:45,0.01
18.07.2021,18:00,0.01
18.07.2021,18:15,0.01
18.07.2021,18:30,0.01
18.07.2021,18:45,0.01
18.07.2021,19:00,0.01
18.07.2021,19:15,0.01
18.07.2021,19:30,0.01
18.07.2021,19:45,0.01
18.07.2021,20:00,0.01
18.07.2021,20:15,0.01
18.07.2021,20:30,0.01
18.07.2021,20:45,0.01
18.07.2021,21:00,0.01
18.07.2021,21:15,0.01
18.07.2021,21:30,0.01
18.07.2021,21:45,0.01
18.07.2021,22:00,0.01
18.07.2021,22:15,0.01
18.07.2021,22:30,0.01
18.07.2021,22:45,0.01
18.07.2021,23:00,0.01
18.07.2021,23:15,0.01
18.07.2021,23:30,0.01
18.07.2021,23:45,0.01
19.07.2021,0:00,0.01
19.07.2021,0:15,0.01
19.07.2021,0:30,0.01
19.07.2021,0:45,0.01
19.07.2021,1:00,0.01
19.07.2021,1:15,0.01
19.07.2021,1:30,0.01
19.07.2021,1:45,0.01
19.07.2021,2:00,0.01
19.07.2021,2:15,0.01
19.07.2021,2:30,0.01
19.07.2021,2:45,0.01
19.07.2021,3:00,0.01
19.07.2021,3:15,0.01
19.07.2021,3:30,0.01
19.07.2021,3:45,0.01
19.07.2021,4:00,0.01
19.07.2021,4:15,0.01
19.07.2021,4:30,0.01
19.07.2021,4:45,0.01
19.07.2021,5:00,0.01
19.07.2021,5:15,0.01
19.07.2021,5:30,0.01
19.07.2021,5:45,0.01
19.07.2021,6:00,0.01
19.07.2021,6:15,0.01
19.07.2021,6:30,0.01
19.07.2021,6:45,0.01
19.07.2021,7:00,0.01
19.07.2021,7:15,0.01
19.07.2021,7:30,0.01
19.07.2021,7:45,0.01
19.07.2021,8:00,0.01
19.07.2021,8:15,0.01
19.07.2021,8:30,0.01
19.07.2021,8:45,0.01
19.07.2021,9:00,0.01
19.07.2021,9:15,0.01
19.07.2021,9:30,0.01
19.07.2021,9:45,0.01
19.07.2021,10:00,0.01
19.07.2021,10:15,0.01
19.07.2021,10:30,0.01
19.07.2021,10:45,0.01
19.07.2021,11:00,0.01
19.07.2021,11:15,0.01
19.07.2021,11:30,0.01
19.07.2021,11:45,0.01
19.07.2021,12:00,0.01
19.07.2021,12:15,0.01
19.07.2021,12:30,0.01
19.07.2021,12:45,0.01
19.07.2021,13:00,0.01
19.07.2021,13:15,0.01
19.07.2021,13:30,0.01
19.07.2021,13:45,0.01
19.07.2021,14:00,0.01
19.07.2021,14:15,0.01
19.07.2021,14:30,0.01
19.07.2021,14:45,0.01
19.07.2021,15:00,0.01
19.07.2021,15:15,0.01
19.07.2021,15:30,0.01
19.07.2021,15:45,0.01
19.07.2021,16:00,0.01
19.07.2021,16:15,0.01
19.07.2021,16:30,0.01
19.07.2021,16:45,0.01
19.07.2021,17:00,0.01
19.07.2021,17:15,0.01
19.07.2021,17:30,0.01
19.07.2021,17:45,0.01
19.07.2021,18:00,0.01
19.07.2021,18:15,0.01
19.07.2021,18:30,0.01
19.07.2021,18:45,0.01
19.07.2021,19:00,0.01
19.07.2021,19:15,0.01
19.07.2021,19:30,0.01
19.07.2021,19:45,0.01
19.07.2021,20:00,0.01
19.07.2021,20:15,0.01
19.07.2021,20:30,0.01
19.07.2021,20:45,0.01
19.07.2021,21:00,0.01
19.07.2021,21:15,0.01
19.07.2021,21:30,0.01
19.07.2021,21:45,0.01
19.07.2021,22:00,0
19.07.2021,22:15,0.01
19.07.2021,22:30,0
19.07.2021,22:45,0.01
19.07.2021,23:00,0.01
19.07.2021,23:15,0.01
19.07.2021,23:30,0.01
19.07.2021,23:45,0.01
20.07.2021,0:00,0.01
20.07.2021,0:15,0.01
20.07.2021,0:30,0.01
20.07.2021,0:45,0.01
20.07.2021,1:00,0.01
20.07.2021,1:15,0.01
20.07.2021,1:30,0.01
20.07.2021,1:45,0.01
20.07.2021,2:00,0.01
20.07.2021,2:15,0.01
20.07.2021,2:30,0.01
20.07.2021,2:45,0.01
20.07.2021,3:00,0.01
20.07.2021,3:15,0.01
20.07.2021,3:30,0.01
20.07.2021,3:45,0.01
20.07.2021,4:00,0.01
20.07.2021,4:15,0.01
20.07.2021,4:30,0.01
20.07.2021,4:45,0.01
20.07.2021,5:00,0.01
20.07.2021,5:15,0.01
20.07.2021,5:30,0.01
20.07.2021,5:45,0.01
20.07.2021,6:00,0.01
20.07.2021,6:15,0.01
20.07.2021,6:30,0.01
20.07.2021,6:45,0.01
20.07.2021,7:00,0.01
20.07.2021,7:15,0.01
20.07.2021,7:30,0.01
20.07.2021,7:45,0.01
20.07.2021,8:00,0.01
20.07.2021,8:15,0.01
20.07.2021,8:30,0.01
20.07.2021,8:45,0.01
20.07.2021,9:00,0.01
20.07.2021,9:15,0.01
20.07.2021,9:30,0.01
20.07.2021,9:45,0.01
20.07.2021,10:00,0.01
20.07.2021,10:15,0.01
20.07.2021,10:30,0.01
20.07.2021,10:45,0.01
20.07.2021,11:00,0.01
20.07.2021,11:15,0.01
20.07.2021,11:30,0.01
20.07.2021,11:45,0.01
20.07.2021,12:00,0.01
20.07.2021,12:15,0.01
20.07.2021,12:30,0.01
20.07.2021,12:45,0.01
20.07.2021,13:00,0.01
20.07.2021,13:15,0.01
20.07.2021,13:30,0.01
20.07.2021,13:45,0.01
20.07.2021,14:00,0.01
20.07.2021,14:15,0.01
20.07.2021,14:30,0.01
20.07.2021,14:45,0.01
20.07.2021,15:00,0.01
20.07.2021,15:15,0.01
20.07.2021,15:30,0.01
20.07.2021,15:45,0.01
20.07.2021,16:00,0.01
20.07.2021,16:15,0.01
20.07.2021,16:30,0.01
20.07.2021,16:45,0.01
20.07.2021,17:00,0.01
20.07.2021,17:15,0.01
20.07.2021,17:30,0.01
20.07.2021,17:45,0
20.07.2021,18:00,0.01
20.07.2021,18:15,0.01
20.07.2021,18:30,0.01
20.07.2021,18:45,0.01
20.07.2021,19:00,0.01
20.07.2021,19:15,0.01
20.07.2021,19:30,0.01
20.07.2021,19:45,0.01
20.07.2021,20:00,0.01
20.07.2021,20:15,0.01
20.07.2021,20:30,0.01
20.07.2021,20:45,0.01
20.07.2021,21:00,0.01
20.07.2021,21:15,0.01
20.07.2021,21:30,0.01
20.07.2021,21:45,0.01
20.07.2021,22:00,0.01
20.07.2021,22:15,0.01
20.07.2021,22:30,0.01
20.07.2021,22:45,0.01
20.07.2021,23:00,0.01
20.07.2021,23:15,0.01
20.07.2021,23:30,0.01
20.07.2021,23:45,0.01
21.07.2021,0:00,0.01
21.07.2021,0:15,0.01
21.07.2021,0:30,0.01
21.07.2021,0:45,0.01
21.07.2021,1:00,0.01
21.07.2021,1:15,0.01
21.07.2021,1:30,0.01
21.07.2021,1:45,0.01
21.07.2021,2:00,0.01
21.07.2021,2:15,0.01
21.07.2021,2:30,0.01
21.07.2021,2:45,0.01
21.07.2021,3:00,0.01
21.07.2021,3:15,0.01
21.07.2021,3:30,0.01
21.07.2021,3:45,0.01
21.07.2021,4:00,0.01
21.07.2021,4:15,0.01
21.07.2021,4:30,0.01
21.07.2021,4:45,0.01
21.07.2021,5:00,0.01
21.07.2021,5:15,0.01
21.07.2021,5:30,0.01
21.07.2021,5:45,0.01
21.07.2021,6:00,0.01
21.07.2021,6:15,0.01
21.07.2021,6:30,0.01
21.07.2021,6:45,0.01
21.07.2021,7:00,0.01
21.07.2021,7:15,0.01
21.07.2021,7:30,0.01
21.07.2021,7:45,0.01
21.07.2021,8:00,0.01
21.07.2021,8:15,0.01
21.07.2021,8:30,0.01
21.07.2021,8:45,0.01
21.07.2021,9:00,0.01
21.07.2021,9:15,0.01
21.07.2021,9:30,0.01
21.07.2021,9:45,0.01
21.07.2021,10:00,0.01
21.07.2021,10:15,0.01
21.07.2021,10:30,0.01
21.07.2021,10:45,0.01
21.07.2021,11:00,0.01
21.07.2021,11:15,0.01
21.07.2021,11:30,0.01
21.07.2021,11:45,0.01
21.07.2021,12:00,0.01
21.07.2021,12:15,0.01
21.07.2021,12:30,0.01
21.07.2021,12:45,0.01
21.07.2021,13:00,0.01
21.07.2021,13:15,0.01
21.07.2021,13:30,0.01
21.07.2021,13:45,0.01
21.07.2021,14:00,0.01
21.07.2021,14:15,0.01
21.07.2021,14:30,0.01
21.07.2021,14:45,0.01
21.07.2021,15:00,0.01
21.07.2021,15:15,0.01
21.07.2021,15:30,0.01
21.07.2021,15:45,0.01
21.07.2021,16:00,0.01
21.07.2021,16:15,0.01
21.07.2021,16:30,0.01
21.07.2021,16:45,0.01
21.07.2021,17:00,0.01
21.07.2021,17:15,0.01
21.07.2021,17:30,0.01
21.07.2021,17:45,0.01
21.07.2021,18:00,0.01
21.07.2021,18:15,0.01
21.07.2021,18:30,0.01
21.07.2021,18:45,0.01
21.07.2021,19:00,0.01
21.07.2021,19:15,0.01
21.07.2021,19:30,0.01
21.07.2021,19:45,0.01
21.07.2021,20:00,0.01
21.07.2021,20:15,0.01
21.07.2021,20:30,0.01
21.07.2021,20:45,0.01
21.07.2021,21:00,0.01
21.07.2021,21:15,0.01
21.07.2021,21:30,0.01
21.07.2021,21:45,0.01
21.07.2021,22:00,0.01
21.07.2021,22:15,0.01
21.07.2021,22:30,0.01
21.07.2021,22:45,0.01
21.07.2021,23:00,0.01
21.07.2021,23:15,0.01
21.07.2021,23:30,0.01
21.07.2021,23:45,0.01
22.07.2021,0:00,0.01
22.07.2021,0:15,0.01
22.07.2021,0:30,0.01
22.07.2021,0:45,0.01
22.07.2021,1:00,0.01
22.07.2021,1:15,0.01
22.07.2021,1:30,0.01
22.07.2021,1:45,0.01
22.07.2021,2:00,0.01
22.07.2021,2:15,0.01
22.07.2021,2:30,0.01
22.07.2021,2:45,0.01
22.07.2021,3:00,0.01
22.07.2021,3:15,0.01
22.07.2021,3:30,0.01
22.07.2021,3:45,0.01
22.07.2021,4:00,0.01
22.07.2021,4:15,0.01
22.07.2021,4:30,0.01
22.07.2021,4:45,0.01
22.07.2021,5:00,0.01
22.07.2021,5:15,0.01
22.07.2021,5:30,0.01
22.07.2021,5:45,0.01
22.07.2021,6:00,0.01
22.07.2021,6:15,0.01
22.07.2021,6:30,0.01
22.07.2021,6:45,0.01
22.07.2021,7:00,0.01
22.07.2021,7:15,0.01
22.07.2021,7:30,0.01
22.07.2021,7:45,0.01
22.07.2021,8:00,0.01
22.07.2021,8:15,0.01
22.07.2021,8:30,0.01
22.07.2021,8:45,0.01
22.07.2021,9:00,0.01
22.07.2021,9:15,0.01
22.07.2021,9:30,---
22.07.2021,9:45,---
22.07.2021,10:00,---
22.07.2021,10:15,---
22.07.2021,10:30,---
22.07.2021,10:45,---
22.07.2021,11:00,---
22.07.2021,11:15,---
22.07.2021,11:30,---
22.07.2021,11:45,---
22.07.2021,12:00,---
22.07.2021,12:15,---
22.07.2021,12:30,---
22.07.2021,12:45,---
22.07.2021,13:00,---
22.07.2021,13:15,---
22.07.2021,13:30,---
22.07.2021,13:45,---
22.07.2021,14:00,---
22.07.2021,14:15,---
22.07.2021,14:30,---
22.07.2021,14:45,---
22.07.2021,15:00,---
22.07.2021,15:15,---
22.07.2021,15:30,---
22.07.2021,15:45,---
22.07.2021,16:00,---
22.07.2021,16:15,---
22.07.2021,16:30,---
22.07.2021,16:45,---
22.07.2021,17:00,---
22.07.2021,17:15,---
22.07.2021,17:30,---
22.07.2021,17:45,---
22.07.2021,18:00,---
22.07.2021,18:15,---
22.07.2021,18:30,---
22.07.2021,18:45,---
22.07.2021,19:00,---
22.07.2021,19:15,---
22.07.2021,19:30,---
22.07.2021,19:45,---
22.07.2021,20:00,---
22.07.2021,20:15,---
22.07.2021,20:30,---
22.07.2021,20:45,---
22.07.2021,21:00,---
22.07.2021,21:15,---
22.07.2021,21:30,---
22.07.2021,21:45,---
22.07.2021,22:00,---
22.07.2021,22:15,---
22.07.2021,22:30,---
22.07.2021,22:45,---
22.07.2021,23:00,---
22.07.2021,23:15,---
22.07.2021,23:30,---
22.07.2021,23:45,---
23.07.2021,0:00,---
